{
  "project_info": {
    "project_number": "377608424398",
    "project_id": "laza-ecommerce-2c01c",
    "storage_bucket": "laza-ecommerce-2c01c.firebasestorage.app"
  },
  "client": [
    {
      "client_info": {
        "mobilesdk_app_id": "1:377608424398:android:bca748769544fac3f3b99f",
        "android_client_info": {
          "package_name": "com.example.laza_ecommerce"
        }
      },
      "oauth_client": [],
      "api_key": [
        {
          "current_key": "AIzaSyBu360RNGGLXreC-1jHn8cPBg-__p04GEc"
        }
      ],
      "services": {
        "appinvite_service": {
          "other_platform_oauth_client": []
        }
      }
    }
  ],
  "configuration_version": "1"
}